ProductID,ProductName,CurrentStock
---------,-----------,------------
859,Half-Finger Gloves, M,0
853,Women's Tights, M,0
876,Hitch Rack - 4-Bike,0
882,Short-Sleeve Classic Jersey, M,0
494,Paint - Silver,4
494,Paint - Silver,12
492,Paint - Black,14
492,Paint - Black,16
492,Paint - Black,17
493,Paint - Red,24
496,Paint - Yellow,25
495,Paint - Blue,25
493,Paint - Red,28
496,Paint - Yellow,30
800,Road-550-W Yellow, 44,30
756,Road-450 Red, 44,30
969,Touring-1000 Blue, 60,30
972,Touring-2000 Blue, 54,30
986,Mountain-500 Silver, 44,30
993,Mountain-500 Black, 52,30
997,Road-750 Black, 44,30
764,Road-650 Red, 52,32
781,Mountain-200 Silver, 46,32
787,Mountain-300 Black, 44,32
751,Road-150 Red, 48,32
956,Touring-1000 Yellow, 54,35
958,Touring-3000 Blue, 54,35
495,Paint - Blue,35
963,Touring-3000 Yellow, 54,36
883,Short-Sleeve Classic Jersey, L,36
877,Bike Wash - Dissolver,36
854,Women's Tights, L,36
860,Half-Finger Gloves, L,36
956,Touring-1000 Yellow, 54,40
493,Paint - Red,41
496,Paint - Yellow,44
494,Paint - Silver,49
495,Paint - Blue,49
953,Touring-2000 Blue, 60,49
794,Road-250 Black, 48,49
771,Mountain-100 Silver, 38,49
777,Mountain-100 Black, 44,49
766,Road-650 Black, 60,49
758,Road-450 Red, 52,49
759,Road-650 Red, 58,51
753,Road-150 Red, 56,51
789,Road-250 Red, 44,51
957,Touring-1000 Yellow, 60,51
989,Mountain-500 Black, 40,51
980,Mountain-400-W Silver, 38,51
752,Road-150 Red, 52,52
788,Mountain-300 Black, 48,52
960,Touring-3000 Blue, 62,54
987,Mountain-500 Silver, 48,56
998,Road-750 Black, 48,56
775,Mountain-100 Black, 38,56
757,Road-450 Red, 48,56
765,Road-650 Black, 58,56
793,Road-250 Black, 44,56
801,Road-550-W Yellow, 48,56
798,Road-550-W Yellow, 40,60
769,Road-650 Black, 48,60
749,Road-150 Red, 62,60
992,Mountain-500 Black, 48,60
985,Mountain-500 Silver, 42,60
983,Mountain-400-W Silver, 46,60
975,Road-350-W Yellow, 44,60
970,Touring-2000 Blue, 46,60
968,Touring-1000 Blue, 54,60
955,Touring-1000 Yellow, 50,62
762,Road-650 Red, 44,62
755,Road-450 Red, 60,62
774,Mountain-100 Silver, 48,62
784,Mountain-200 Black, 46,62
785,Mountain-300 Black, 38,62
779,Mountain-200 Silver, 38,62
783,Mountain-200 Black, 42,65
772,Mountain-100 Silver, 42,65
778,Mountain-100 Black, 48,65
754,Road-450 Red, 58,65
796,Road-250 Black, 58,65
954,Touring-1000 Yellow, 46,65
977,Road-750 Black, 58,65
974,Road-350-W Yellow, 42,67
981,Mountain-400-W Silver, 40,67
990,Mountain-500 Black, 42,67
967,Touring-1000 Blue, 50,67
962,Touring-3000 Yellow, 50,67
797,Road-550-W Yellow, 38,67
791,Road-250 Red, 52,67
761,Road-650 Red, 62,67
768,Road-650 Black, 44,67
861,Full-Finger Gloves, S,72
855,Men's Bib-Shorts, S,72
884,Short-Sleeve Classic Jersey, XL,72
842,Touring-Panniers, Large,72
965,Touring-3000 Yellow, 62,72
909,ML Mountain Seat/Saddle,72
978,Touring-3000 Blue, 44,72
975,Road-350-W Yellow, 44,73
970,Touring-2000 Blue, 46,73
982,Mountain-400-W Silver, 42,73
984,Mountain-500 Silver, 40,73
991,Mountain-500 Black, 44,73
968,Touring-1000 Blue, 54,73
798,Road-550-W Yellow, 40,73
769,Road-650 Black, 48,73
749,Road-150 Red, 62,73
762,Road-650 Red, 44,75
755,Road-450 Red, 60,75
779,Mountain-200 Silver, 38,75
773,Mountain-100 Silver, 44,75
785,Mountain-300 Black, 38,75
784,Mountain-200 Black, 46,75
955,Touring-1000 Yellow, 50,75
788,Mountain-300 Black, 48,76
752,Road-150 Red, 52,76
757,Road-450 Red, 48,78
765,Road-650 Black, 58,78
776,Mountain-100 Black, 42,78
793,Road-250 Black, 44,78
801,Road-550-W Yellow, 48,78
999,Road-750 Black, 52,78
979,Touring-3000 Blue, 50,78
988,Mountain-500 Silver, 52,78
961,Touring-3000 Yellow, 44,80
967,Touring-1000 Blue, 50,81
964,Touring-3000 Yellow, 58,81
944,LL Mountain Frame - Silver, 40,81
982,Mountain-400-W Silver, 42,81
984,Mountain-500 Silver, 40,81
974,Road-350-W Yellow, 42,81
991,Mountain-500 Black, 44,81
797,Road-550-W Yellow, 38,81
791,Road-250 Red, 52,81
768,Road-650 Black, 44,81
761,Road-650 Red, 62,81
754,Road-450 Red, 58,83
773,Mountain-100 Silver, 44,83
783,Mountain-200 Black, 42,83
796,Road-250 Black, 58,83
959,Touring-3000 Blue, 58,83
954,Touring-1000 Yellow, 46,83
915,ML Touring Seat/Saddle,83
966,Touring-1000 Blue, 46,86
990,Mountain-500 Black, 42,86
973,Road-350-W Yellow, 40,86
979,Touring-3000 Blue, 50,86
981,Mountain-400-W Silver, 40,86
790,Road-250 Red, 48,86
760,Road-650 Red, 60,86
767,Road-650 Black, 62,88
782,Mountain-200 Black, 38,88
772,Mountain-100 Silver, 42,88
778,Mountain-100 Black, 48,88
795,Road-250 Black, 52,88
977,Road-750 Black, 58,88
961,Touring-3000 Yellow, 44,88
943,LL Mountain Frame - Black, 40,88
965,Touring-3000 Yellow, 62,91
910,HL Mountain Seat/Saddle,91
978,Touring-3000 Blue, 44,91
748,HL Mountain Frame - Silver, 38,91
814,ML Mountain Frame - Black, 38,96
910,HL Mountain Seat/Saddle,96
944,LL Mountain Frame - Silver, 40,96
966,Touring-1000 Blue, 46,99
969,Touring-1000 Blue, 60,99
980,Mountain-400-W Silver, 38,99
972,Touring-2000 Blue, 54,99
973,Road-350-W Yellow, 40,99
989,Mountain-500 Black, 40,99
987,Mountain-500 Silver, 48,99
998,Road-750 Black, 48,99
800,Road-550-W Yellow, 44,99
790,Road-250 Red, 48,99
775,Mountain-100 Black, 38,99
756,Road-450 Red, 44,99
760,Road-650 Red, 60,99
767,Road-650 Black, 62,100
777,Mountain-100 Black, 44,100
771,Mountain-100 Silver, 38,100
782,Mountain-200 Black, 38,100
795,Road-250 Black, 52,100
822,ML Road Frame-W - Yellow, 38,100
957,Touring-1000 Yellow, 60,100
943,LL Mountain Frame - Black, 40,102
780,Mountain-200 Silver, 42,102
786,Mountain-300 Black, 40,102
774,Mountain-100 Silver, 48,102
763,Road-650 Red, 48,102
750,Road-150 Red, 44,102
770,Road-650 Black, 52,104
792,Road-250 Red, 58,104
799,Road-550-W Yellow, 42,104
971,Touring-2000 Blue, 50,104
992,Mountain-500 Black, 48,104
985,Mountain-500 Silver, 42,104
983,Mountain-400-W Silver, 46,104
976,Road-350-W Yellow, 48,104
960,Touring-3000 Blue, 62,105
942,ML Mountain Frame-W - Silver, 38,105
748,HL Mountain Frame - Silver, 38,105
747,HL Mountain Frame - Black, 38,107
524,HL Spindle/Axle,107
962,Touring-3000 Yellow, 50,107
751,Road-150 Red, 48,108
764,Road-650 Red, 52,108
787,Mountain-300 Black, 44,108
781,Mountain-200 Silver, 46,108
849,Men's Sports Shorts, M,108
880,Hydration Pack - 70 oz.,108
878,Fender Set - Mountain,108
856,Men's Bib-Shorts, M,108
862,Full-Finger Gloves, M,108
814,ML Mountain Frame - Black, 38,110
789,Road-250 Red, 44,112
759,Road-650 Red, 58,112
753,Road-150 Red, 56,112
944,LL Mountain Frame - Silver, 40,112
822,ML Road Frame-W - Yellow, 38,115
794,Road-250 Black, 48,116
758,Road-450 Red, 52,116
766,Road-650 Black, 60,116
776,Mountain-100 Black, 42,116
964,Touring-3000 Yellow, 58,116
953,Touring-2000 Blue, 60,116
988,Mountain-500 Silver, 52,116
999,Road-750 Black, 52,116
943,LL Mountain Frame - Black, 40,118
942,ML Mountain Frame-W - Silver, 38,120
909,ML Mountain Seat/Saddle,120
959,Touring-3000 Blue, 58,121
786,Mountain-300 Black, 40,121
780,Mountain-200 Silver, 42,121
763,Road-650 Red, 48,121
750,Road-150 Red, 44,121
748,HL Mountain Frame - Silver, 38,121
679,Rear Derailleur Cage,121
747,HL Mountain Frame - Black, 38,121
506,Reflector,121
770,Road-650 Black, 52,123
792,Road-250 Red, 58,123
799,Road-550-W Yellow, 42,123
971,Touring-2000 Blue, 50,123
944,LL Mountain Frame - Silver, 40,123
997,Road-750 Black, 44,123
993,Mountain-500 Black, 52,123
986,Mountain-500 Silver, 44,123
976,Road-350-W Yellow, 48,123
524,HL Spindle/Axle,124
814,ML Mountain Frame - Black, 38,126
963,Touring-3000 Yellow, 54,126
958,Touring-3000 Blue, 54,128
943,LL Mountain Frame - Black, 40,129
822,ML Road Frame-W - Yellow, 38,131
748,HL Mountain Frame - Silver, 38,132
318,ML Crankarm,132
944,LL Mountain Frame - Silver, 40,134
944,LL Mountain Frame - Silver, 40,136
942,ML Mountain Frame-W - Silver, 38,136
679,Rear Derailleur Cage,136
318,ML Crankarm,136
747,HL Mountain Frame - Black, 38,137
814,ML Mountain Frame - Black, 38,137
523,LL Spindle/Axle,139
943,LL Mountain Frame - Black, 40,140
388,Hex Nut 11,140
390,Hex Nut 20,140
943,LL Mountain Frame - Black, 40,142
822,ML Road Frame-W - Yellow, 38,142
850,Men's Sports Shorts, L,144
863,Full-Finger Gloves, L,144
857,Men's Bib-Shorts, L,144
846,Taillights - Battery-Powered,144
879,All-Purpose Bike Stand,144
748,HL Mountain Frame - Silver, 38,144
713,Long-Sleeve Logo Jersey, S,144
391,Hex Nut 21,144
351,Front Derailleur Cage,145
748,HL Mountain Frame - Silver, 38,145
913,HL Road Seat/Saddle,145
942,ML Mountain Frame-W - Silver, 38,147
392,Hex Nut 3,147
386,Hex Nut 1,148
395,Hex Nut 4,148
747,HL Mountain Frame - Black, 38,148
814,ML Mountain Frame - Black, 38,148
814,ML Mountain Frame - Black, 38,150
939,ML Road Pedal,150
394,Hex Nut 15,150
317,LL Crankarm,152
938,LL Road Pedal,152
937,HL Mountain Pedal,153
913,HL Road Seat/Saddle,153
822,ML Road Frame-W - Yellow, 38,153
822,ML Road Frame-W - Yellow, 38,155
894,Rear Derailleur,155
936,ML Mountain Pedal,155
370,Thin-Jam Hex Nut 14,155
380,Hex Nut 8,156
412,Internal Lock Washer 3,156
935,LL Mountain Pedal,156
942,ML Mountain Frame-W - Silver, 38,158
915,ML Touring Seat/Saddle,158
907,Rear Brakes,158
317,LL Crankarm,158
942,ML Mountain Frame-W - Silver, 38,160
747,HL Mountain Frame - Black, 38,160
747,HL Mountain Frame - Black, 38,161
915,ML Touring Seat/Saddle,161
952,Chain,161
381,Hex Nut 9,163
679,Rear Derailleur Cage,164
523,LL Spindle/Axle,164
910,HL Mountain Seat/Saddle,168
939,ML Road Pedal,168
938,LL Road Pedal,169
913,HL Road Seat/Saddle,169
382,Hex Nut 22,169
318,ML Crankarm,171
914,LL Touring Seat/Saddle,171
937,HL Mountain Pedal,171
936,ML Mountain Pedal,172
935,LL Mountain Pedal,174
996,HL Bottom Bracket,174
939,ML Road Pedal,176
482,Metal Sheet 2,176
485,Metal Sheet 4,176
938,LL Road Pedal,177
937,HL Mountain Pedal,179
351,Front Derailleur Cage,179
936,ML Mountain Pedal,180
709,Mountain Bike Socks, M,180
714,Long-Sleeve Logo Jersey, M,180
873,Patch Kit/8 Patches,180
847,Headlights - Dual-Beam,180
864,Classic Vest, S,180
851,Men's Sports Shorts, XL,180
935,LL Mountain Pedal,182
319,HL Crankarm,184
462,Lower Head Race,187
386,Hex Nut 1,192
932,ML Road Tire,192
952,Chain,192
908,LL Mountain Seat/Saddle,195
352,Front Derailleur Linkage,195
484,Metal Sheet 7,196
481,Metal Plate 3,196
479,Metal Plate 2,198
462,Lower Head Race,204
523,LL Spindle/Axle,209
805,LL Headset,212
994,LL Bottom Bracket,212
514,LL Mountain Seat Assembly,212
401,HL Hub,212
358,HL Grip Tape,214
515,ML Mountain Seat Assembly,214
908,LL Mountain Seat/Saddle,214
806,ML Headset,216
865,Classic Vest, M,216
848,Headlights - Weatherproof,216
867,Women's Mountain Shorts, S,216
715,Long-Sleeve Logo Jersey, L,216
710,Mountain Bike Socks, L,216
711,Sport-100 Helmet, Blue,216
516,HL Mountain Seat Assembly,216
517,LL Road Seat Assembly,217
384,Hex Nut 12,217
518,ML Road Seat Assembly,219
807,HL Headset,219
519,HL Road Seat Assembly,220
520,LL Touring Seat Assembly,222
521,ML Touring Seat Assembly,224
522,HL Touring Seat Assembly,225
524,HL Spindle/Axle,228
907,Rear Brakes,228
933,HL Road Tire,228
357,ML Grip Tape,228
909,ML Mountain Seat/Saddle,230
995,ML Bottom Bracket,230
930,HL Mountain Tire,232
820,HL Road Front Wheel,232
934,Touring Tire,233
358,HL Grip Tape,233
332,Freewheel,233
941,Touring Pedal,235
931,LL Road Tire,236
952,Chain,236
945,Front Derailleur,236
923,Touring Tire Tube,240
928,LL Mountain Tire,240
802,LL Fork,240
922,Road Tire Tube,241
921,Mountain Tire Tube,243
356,LL Grip Tape,243
421,Internal Lock Washer 2,243
420,Internal Lock Washer 8,244
378,Hex Nut 17,244
947,HL Touring Handlebars,244
994,LL Bottom Bracket,244
912,ML Road Seat/Saddle,246
803,ML Fork,246
400,LL Hub,246
347,Flat Washer 8,246
358,HL Grip Tape,246
419,Internal Lock Washer 1,246
418,Internal Lock Washer 10,248
491,HL Nipple,248
357,ML Grip Tape,248
914,LL Touring Seat/Saddle,248
946,LL Touring Handlebars,248
934,Touring Tire,249
377,Hex Nut 16,249
348,Flat Washer 5,251
813,HL Road Handlebars,251
804,HL Fork,252
843,Cable Lock,252
868,Women's Mountain Shorts, M,252
866,Classic Vest, L,252
874,Racing Socks, M,252
870,Water Bottle - 30 oz.,252
716,Long-Sleeve Logo Jersey, XL,252
931,LL Road Tire,252
370,Thin-Jam Hex Nut 14,252
491,HL Nipple,254
947,HL Touring Handlebars,254
812,ML Road Handlebars,254
823,LL Mountain Rear Wheel,256
349,Flat Washer 7,256
355,Guide Pulley,257
811,LL Road Handlebars,257
946,LL Touring Handlebars,257
810,HL Mountain Handlebars,260
813,HL Road Handlebars,260
357,ML Grip Tape,260
400,LL Hub,260
356,LL Grip Tape,262
923,Touring Tire Tube,262
941,Touring Pedal,262
922,Road Tire Tube,264
812,ML Road Handlebars,264
809,ML Mountain Handlebars,264
380,Hex Nut 8,264
815,LL Mountain Front Wheel,265
805,LL Headset,265
829,Touring Rear Wheel,265
949,LL Crankset,265
995,ML Bottom Bracket,265
940,HL Road Pedal,267
930,HL Mountain Tire,267
811,LL Road Handlebars,267
808,LL Mountain Handlebars,267
332,Freewheel,267
514,LL Mountain Seat Assembly,267
515,ML Mountain Seat Assembly,268
806,ML Headset,268
810,HL Mountain Handlebars,270
945,Front Derailleur,270
516,HL Mountain Seat Assembly,270
381,Hex Nut 9,270
372,Thin-Jam Hex Nut 8,272
517,LL Road Seat Assembly,272
950,ML Crankset,272
807,HL Headset,272
809,ML Mountain Handlebars,273
802,LL Fork,273
518,ML Road Seat Assembly,273
497,Pinch Bolt,273
519,HL Road Seat Assembly,275
373,Thin-Jam Hex Nut 12,275
356,LL Grip Tape,275
355,Guide Pulley,276
382,Hex Nut 22,276
808,LL Mountain Handlebars,276
520,LL Touring Seat Assembly,276
916,HL Touring Seat/Saddle,276
951,HL Crankset,278
521,ML Touring Seat Assembly,278
534,Top Tube,278
374,Thin-Jam Hex Nut 11,278
352,Front Derailleur Linkage,278
421,Internal Lock Washer 2,278
420,Internal Lock Washer 8,280
522,HL Touring Seat Assembly,280
803,ML Fork,280
419,Internal Lock Washer 1,281
512,HL Road Rim,281
351,Front Derailleur Cage,281
375,Hex Nut 5,281
372,Thin-Jam Hex Nut 8,281
395,Hex Nut 4,281
401,HL Hub,283
320,Chainring Bolts,283
317,LL Crankarm,283
505,Cone-Shaped Race,283
418,Internal Lock Washer 10,283
911,LL Road Seat/Saddle,283
929,ML Mountain Tire,284
949,LL Crankset,284
805,LL Headset,284
828,HL Road Rear Wheel,284
400,LL Hub,284
373,Thin-Jam Hex Nut 12,284
804,HL Fork,286
921,Mountain Tire Tube,286
916,HL Touring Seat/Saddle,288
806,ML Headset,288
841,Men's Sports Shorts, S,288
844,Minipump,288
871,Mountain Bottle Cage,288
875,Racing Socks, L,288
869,Women's Mountain Shorts, L,288
712,AWC Logo Cap,288
707,Sport-100 Helmet, Red,288
374,Thin-Jam Hex Nut 11,288
410,External Lock Washer 8,289
355,Guide Pulley,289
375,Hex Nut 5,291
807,HL Headset,291
950,ML Crankset,291
390,Hex Nut 20,292
388,Hex Nut 11,292
409,External Lock Washer 1,292
378,Hex Nut 17,294
947,HL Touring Handlebars,294
391,Hex Nut 21,296
408,External Lock Washer 6,296
951,HL Crankset,297
946,LL Touring Handlebars,297
933,HL Road Tire,299
412,Internal Lock Washer 3,299
392,Hex Nut 3,299
384,Hex Nut 12,299
377,Hex Nut 16,299
366,Thin-Jam Hex Nut 6,299
505,Cone-Shaped Race,299
352,Front Derailleur Linkage,300
345,Flat Washer 4,300
813,HL Road Handlebars,300
911,LL Road Seat/Saddle,302
912,ML Road Seat/Saddle,302
394,Hex Nut 15,302
401,HL Hub,302
406,External Lock Washer 5,304
384,Hex Nut 12,304
812,ML Road Handlebars,304
821,Touring Front Wheel,304
319,HL Crankarm,305
488,Metal Sheet 1,305
405,External Lock Washer 9,307
811,LL Road Handlebars,307
406,External Lock Washer 5,308
319,HL Crankarm,308
404,External Lock Washer 4,310
462,Lower Head Race,310
810,HL Mountain Handlebars,310
488,Metal Sheet 1,312
416,Internal Lock Washer 7,312
405,External Lock Washer 9,312
403,External Lock Washer 3,313
350,Fork Crown,313
809,ML Mountain Handlebars,313
345,Flat Washer 4,315
362,Thin-Jam Hex Nut 2,315
404,External Lock Washer 4,315
402,Keyed Washer,316
415,Internal Lock Washer 5,316
510,LL Road Rim,316
506,Reflector,316
808,LL Mountain Handlebars,316
940,HL Road Pedal,316
514,LL Mountain Seat Assembly,318
488,Metal Sheet 1,318
403,External Lock Washer 3,318
366,Thin-Jam Hex Nut 6,318
347,Flat Washer 8,318
2,Bearing Ball,318
515,ML Mountain Seat Assembly,320
504,Cup-Shaped Race,320
516,HL Mountain Seat Assembly,321
482,Metal Sheet 2,321
485,Metal Sheet 4,321
345,Flat Washer 4,321
402,Keyed Washer,321
414,Internal Lock Washer 9,321
412,Internal Lock Washer 3,321
911,LL Road Seat/Saddle,321
996,HL Bottom Bracket,321
995,ML Bottom Bracket,321
940,HL Road Pedal,323
379,Hex Nut 7,323
348,Flat Washer 5,323
477,Metal Bar 1,323
517,LL Road Seat Assembly,323
518,ML Road Seat Assembly,324
487,Metal Sheet 6,324
476,Metal Angle,324
1,Adjustable Race,324
3,BB Ball Bearing,324
845,Mountain Pump,324
852,Women's Tights, S,324
858,Half-Finger Gloves, S,324
872,Road Bottle Cage,324
881,Short-Sleeve Classic Jersey, S,324
708,Sport-100 Helmet, Black,324
364,Thin-Jam Hex Nut 16,326
519,HL Road Seat Assembly,326
349,Flat Washer 7,328
520,LL Touring Seat Assembly,328
521,ML Touring Seat Assembly,329
522,HL Touring Seat Assembly,331
487,Metal Sheet 6,331
347,Flat Washer 8,332
344,Flat Washer 9,332
362,Thin-Jam Hex Nut 2,334
512,HL Road Rim,334
530,Seat Post,336
949,LL Crankset,336
342,Flat Washer 6,336
497,Pinch Bolt,336
487,Metal Sheet 6,337
348,Flat Washer 5,337
410,External Lock Washer 8,337
907,Rear Brakes,337
894,Rear Derailleur,337
397,Hex Nut 19,339
341,Flat Washer 1,339
409,External Lock Washer 1,340
406,External Lock Washer 5,340
349,Flat Washer 7,342
950,ML Crankset,342
332,Freewheel,344
405,External Lock Washer 9,344
408,External Lock Washer 6,344
372,Thin-Jam Hex Nut 8,344
373,Thin-Jam Hex Nut 12,347
404,External Lock Washer 4,347
948,Front Brakes,347
945,Front Derailleur,347
951,HL Crankset,348
802,LL Fork,350
403,External Lock Washer 3,350
374,Thin-Jam Hex Nut 11,350
380,Hex Nut 8,350
511,ML Road Rim,350
477,Metal Bar 1,353
375,Hex Nut 5,353
369,Thin-Jam Hex Nut 13,353
402,Keyed Washer,353
1,Adjustable Race,353
360,Thin-Jam Hex Nut 10,353
912,ML Road Seat/Saddle,353
894,Rear Derailleur,355
395,Hex Nut 4,355
476,Metal Angle,355
381,Hex Nut 9,356
803,ML Fork,356
994,LL Bottom Bracket,358
364,Thin-Jam Hex Nut 16,358
344,Flat Washer 9,358
359,Thin-Jam Hex Nut 9,360
368,Thin-Jam Hex Nut 4,360
416,Internal Lock Washer 7,361
369,Thin-Jam Hex Nut 13,363
382,Hex Nut 22,363
360,Thin-Jam Hex Nut 10,363
804,HL Fork,363
2,Bearing Ball,364
497,Pinch Bolt,364
390,Hex Nut 20,366
388,Hex Nut 11,366
399,Head Tube,366
415,Internal Lock Washer 5,366
369,Thin-Jam Hex Nut 13,368
364,Thin-Jam Hex Nut 16,368
360,Thin-Jam Hex Nut 10,368
359,Thin-Jam Hex Nut 9,369
368,Thin-Jam Hex Nut 4,369
342,Flat Washer 6,369
391,Hex Nut 21,369
928,LL Mountain Tire,369
529,Stem,371
414,Internal Lock Washer 9,371
398,Handlebar Tube,372
392,Hex Nut 3,372
341,Flat Washer 1,372
320,Chainring Bolts,372
504,Cup-Shaped Race,372
484,Metal Sheet 7,374
481,Metal Plate 3,374
359,Thin-Jam Hex Nut 9,374
368,Thin-Jam Hex Nut 4,374
531,Steerer,374
362,Thin-Jam Hex Nut 2,377
534,Top Tube,379
914,LL Touring Seat/Saddle,382
932,ML Road Tire,382
344,Flat Washer 9,382
421,Internal Lock Washer 2,384
819,ML Road Front Wheel,384
929,ML Mountain Tire,385
420,Internal Lock Washer 8,385
386,Hex Nut 1,385
419,Internal Lock Washer 1,387
825,HL Mountain Rear Wheel,387
817,HL Mountain Front Wheel,388
533,Seat Tube,388
941,Touring Pedal,388
418,Internal Lock Washer 10,388
505,Cone-Shaped Race,388
378,Hex Nut 17,388
4,Headset Ball Bearings,388
316,Blade,388
342,Flat Washer 6,388
331,Fork End,390
506,Reflector,390
511,ML Road Rim,390
479,Metal Plate 2,390
504,Cup-Shaped Race,392
341,Flat Washer 1,392
377,Hex Nut 16,393
826,LL Road Rear Wheel,393
825,HL Mountain Rear Wheel,396
399,Head Tube,398
908,LL Mountain Seat/Saddle,400
824,ML Mountain Rear Wheel,401
477,Metal Bar 1,403
476,Metal Angle,404
398,Handlebar Tube,404
350,Fork Crown,406
510,LL Road Rim,406
826,LL Road Rear Wheel,406
816,ML Mountain Front Wheel,406
327,Down Tube,408
1,Adjustable Race,408
819,ML Road Front Wheel,409
535,Tension Pulley,409
824,ML Mountain Rear Wheel,411
365,Thin-Jam Hex Nut 5,411
410,External Lock Washer 8,411
366,Thin-Jam Hex Nut 6,412
827,ML Road Rear Wheel,412
816,ML Mountain Front Wheel,412
409,External Lock Washer 1,414
408,External Lock Washer 6,417
416,Internal Lock Washer 7,417
491,HL Nipple,420
948,Front Brakes,420
415,Internal Lock Washer 5,422
4,Headset Ball Bearings,422
916,HL Touring Seat/Saddle,425
827,ML Road Rear Wheel,425
823,LL Mountain Rear Wheel,425
529,Stem,425
531,Steerer,427
535,Tension Pulley,427
2,Bearing Ball,427
414,Internal Lock Washer 9,427
481,Metal Plate 3,427
482,Metal Sheet 2,427
484,Metal Sheet 7,427
485,Metal Sheet 4,427
818,LL Road Front Wheel,428
821,Touring Front Wheel,432
828,HL Road Rear Wheel,432
479,Metal Plate 2,441
316,Blade,441
331,Fork End,441
327,Down Tube,443
3,BB Ball Bearing,443
817,HL Mountain Front Wheel,443
533,Seat Tube,443
530,Seat Post,444
820,HL Road Front Wheel,446
815,LL Mountain Front Wheel,457
330,Touring End Caps,457
480,Metal Plate 1,457
486,Metal Sheet 5,457
483,Metal Sheet 3,459
413,Internal Lock Washer 4,459
411,External Lock Washer 2,459
394,Hex Nut 15,459
407,External Lock Washer 7,460
389,Hex Nut 2,460
818,LL Road Front Wheel,460
329,Road End Caps,467
450,Lock Nut 10,468
451,Lock Nut 11,472
449,Lock Nut 1,473
452,Lock Nut 2,475
326,Decal 2,475
322,Chainring,475
996,HL Bottom Bracket,475
829,Touring Rear Wheel,476
328,Mountain End Caps,476
324,Chain Stays,476
346,Flat Washer 3,476
370,Thin-Jam Hex Nut 14,476
453,Lock Nut 20,478
448,Lock Nut 13,478
454,Lock Nut 21,481
320,Chainring Bolts,481
447,Lock Nut 12,483
455,Lock Nut 3,484
430,Thin-Jam Lock Nut 3,484
429,Thin-Jam Lock Nut 6,486
450,Lock Nut 10,486
456,Lock Nut 14,488
446,Lock Nut 23,488
428,Thin-Jam Lock Nut 5,488
431,Thin-Jam Lock Nut 4,488
427,Thin-Jam Lock Nut 16,489
451,Lock Nut 11,489
449,Lock Nut 1,491
457,Lock Nut 15,491
426,Thin-Jam Lock Nut 15,491
432,Thin-Jam Lock Nut 13,491
425,Thin-Jam Lock Nut 2,492
452,Lock Nut 2,492
445,Lock Nut 22,492
458,Lock Nut 4,494
424,Thin-Jam Lock Nut 1,494
433,Thin-Jam Lock Nut 14,494
423,Thin-Jam Lock Nut 10,496
453,Lock Nut 20,496
448,Lock Nut 13,496
444,Lock Nut 9,497
459,Lock Nut 19,497
422,Thin-Jam Lock Nut 9,497
434,Thin-Jam Lock Nut 7,497
478,Metal Bar 2,497
393,Hex Nut 14,497
343,Flat Washer 2,499
361,Thin-Jam Hex Nut 1,499
363,Thin-Jam Hex Nut 15,499
463,Lock Washer 4,499
454,Lock Nut 21,499
447,Lock Nut 12,500
435,Thin-Jam Lock Nut 8,500
464,Lock Washer 5,500
460,Lock Nut 18,500
465,Lock Washer 10,502
430,Thin-Jam Lock Nut 3,502
443,Lock Nut 8,502
455,Lock Nut 3,502
429,Thin-Jam Lock Nut 6,504
436,Thin-Jam Lock Nut 12,504
461,Lock Ring,504
466,Lock Washer 6,504
467,Lock Washer 13,505
428,Thin-Jam Lock Nut 5,505
431,Thin-Jam Lock Nut 4,505
456,Lock Nut 14,505
446,Lock Nut 23,505
442,Lock Nut 7,507
427,Thin-Jam Lock Nut 16,507
437,Thin-Jam Lock Nut 11,507
468,Lock Washer 8,507
469,Lock Washer 1,508
432,Thin-Jam Lock Nut 13,508
426,Thin-Jam Lock Nut 15,508
457,Lock Nut 15,508
438,Lock Nut 5,510
445,Lock Nut 22,510
425,Thin-Jam Lock Nut 2,510
470,Lock Washer 7,510
471,Lock Washer 12,512
424,Thin-Jam Lock Nut 1,512
433,Thin-Jam Lock Nut 14,512
441,Lock Nut 17,512
458,Lock Nut 4,512
4,Headset Ball Bearings,512
323,Crown Race,513
327,Down Tube,513
439,Lock Nut 6,513
423,Thin-Jam Lock Nut 10,513
472,Lock Washer 2,513
473,Lock Washer 9,515
459,Lock Nut 19,515
480,Metal Plate 1,515
486,Metal Sheet 5,515
422,Thin-Jam Lock Nut 9,515
434,Thin-Jam Lock Nut 7,515
444,Lock Nut 9,515
440,Lock Nut 16,516
417,Internal Lock Washer 6,516
474,Lock Washer 3,516
475,Lock Washer 11,518
460,Lock Nut 18,518
435,Thin-Jam Lock Nut 8,518
443,Lock Nut 8,520
436,Thin-Jam Lock Nut 12,521
461,Lock Ring,521
437,Thin-Jam Lock Nut 11,524
442,Lock Nut 7,524
387,Hex Nut 10,524
385,Hex Nut 13,526
438,Lock Nut 5,528
441,Lock Nut 17,529
439,Lock Nut 6,531
483,Metal Sheet 3,531
361,Thin-Jam Hex Nut 1,531
316,Blade,532
440,Lock Nut 16,534
321,Chainring Nut,540
325,Decal 1,540
507,LL Mountain Rim,542
532,Seat Stays,542
399,Head Tube,544
371,Thin-Jam Hex Nut 7,547
376,Hex Nut 6,547
330,Touring End Caps,548
398,Handlebar Tube,550
397,Hex Nut 19,550
508,ML Mountain Rim,550
411,External Lock Washer 2,552
329,Road End Caps,558
509,HL Mountain Rim,558
463,Lock Washer 4,566
330,Touring End Caps,566
343,Flat Washer 2,568
328,Mountain End Caps,568
324,Chain Stays,568
323,Crown Race,568
464,Lock Washer 5,568
478,Metal Bar 2,568
465,Lock Washer 10,569
321,Chainring Nut,569
325,Decal 1,569
367,Thin-Jam Hex Nut 3,569
466,Lock Washer 6,571
467,Lock Washer 13,572
417,Internal Lock Washer 6,572
468,Lock Washer 8,574
331,Fork End,574
329,Road End Caps,576
469,Lock Washer 1,576
470,Lock Washer 7,577
471,Lock Washer 12,579
472,Lock Washer 2,580
473,Lock Washer 9,582
474,Lock Washer 3,584
475,Lock Washer 11,585
328,Mountain End Caps,585
324,Chain Stays,585
3,BB Ball Bearing,585
346,Flat Washer 3,585
396,Hex Nut 18,585
376,Hex Nut 6,585
371,Thin-Jam Hex Nut 7,585
383,Hex Nut 23,587
407,External Lock Washer 7,587
322,Chainring,587
326,Decal 2,587
490,LL Nipple,587
526,HL Shell,587
450,Lock Nut 10,592
490,LL Nipple,593
451,Lock Nut 11,595
449,Lock Nut 1,596
452,Lock Nut 2,598
490,LL Nipple,600
453,Lock Nut 20,601
448,Lock Nut 13,601
361,Thin-Jam Hex Nut 1,601
323,Crown Race,603
411,External Lock Washer 2,603
413,Internal Lock Washer 4,603
396,Hex Nut 18,603
393,Hex Nut 14,603
454,Lock Nut 21,604
447,Lock Nut 12,606
489,Metal Tread Plate,606
343,Flat Washer 2,606
455,Lock Nut 3,608
430,Thin-Jam Lock Nut 3,608
429,Thin-Jam Lock Nut 6,609
431,Thin-Jam Lock Nut 4,611
428,Thin-Jam Lock Nut 5,611
456,Lock Nut 14,611
446,Lock Nut 23,611
427,Thin-Jam Lock Nut 16,612
489,Metal Tread Plate,612
426,Thin-Jam Lock Nut 15,614
432,Thin-Jam Lock Nut 13,614
457,Lock Nut 15,614
445,Lock Nut 22,616
425,Thin-Jam Lock Nut 2,616
424,Thin-Jam Lock Nut 1,617
433,Thin-Jam Lock Nut 14,617
458,Lock Nut 4,617
423,Thin-Jam Lock Nut 10,619
489,Metal Tread Plate,619
365,Thin-Jam Hex Nut 5,619
363,Thin-Jam Hex Nut 15,619
385,Hex Nut 13,619
525,LL Shell,619
463,Lock Washer 4,620
422,Thin-Jam Lock Nut 9,620
434,Thin-Jam Lock Nut 7,620
459,Lock Nut 19,620
444,Lock Nut 9,620
464,Lock Washer 5,622
478,Metal Bar 2,622
350,Fork Crown,622
326,Decal 2,622
322,Chainring,622
465,Lock Washer 10,624
460,Lock Nut 18,624
435,Thin-Jam Lock Nut 8,624
526,HL Shell,624
443,Lock Nut 8,625
466,Lock Washer 6,625
407,External Lock Washer 7,625
467,Lock Washer 13,627
461,Lock Ring,627
436,Thin-Jam Lock Nut 12,627
417,Internal Lock Washer 6,627
468,Lock Washer 8,628
469,Lock Washer 1,630
437,Thin-Jam Lock Nut 11,630
442,Lock Nut 7,630
470,Lock Washer 7,632
471,Lock Washer 12,633
438,Lock Nut 5,633
385,Hex Nut 13,633
441,Lock Nut 17,635
472,Lock Washer 2,635
473,Lock Washer 9,636
439,Lock Nut 6,636
396,Hex Nut 18,636
383,Hex Nut 23,638
474,Lock Washer 3,638
475,Lock Washer 11,640
513,Touring Rim,640
440,Lock Nut 16,640
413,Internal Lock Washer 4,641
321,Chainring Nut,641
325,Decal 1,641
346,Flat Washer 3,641
367,Thin-Jam Hex Nut 3,643
363,Thin-Jam Hex Nut 15,643
525,LL Shell,644
371,Thin-Jam Hex Nut 7,649
376,Hex Nut 6,649
387,Hex Nut 10,654
389,Hex Nut 2,657
507,LL Mountain Rim,673
383,Hex Nut 23,676
508,ML Mountain Rim,681
509,HL Mountain Rim,689
480,Metal Plate 1,689
486,Metal Sheet 5,689
367,Thin-Jam Hex Nut 3,689
365,Thin-Jam Hex Nut 5,691
379,Hex Nut 7,691
389,Hex Nut 2,691
483,Metal Sheet 3,691
527,Spokes,702
387,Hex Nut 10,710
532,Seat Stays,715
513,Touring Rim,724
528,Seat Lug,729
397,Hex Nut 19,763
393,Hex Nut 14,780
527,Spokes,888
379,Hex Nut 7,897
528,Seat Lug,924

(1069 rows affected)
