WarehouseName,ProductName,Stock
-------------,-----------,-----
Debur and Polish,HL Mountain Frame - Black, 38,148
Debur and Polish,ML Mountain Frame-W - Silver, 38,147
Debur and Polish,ML Road Frame-W - Yellow, 38,142
Debur and Polish,ML Mountain Frame - Black, 38,137
Debur and Polish,HL Mountain Frame - Silver, 38,132
Debur and Polish,LL Mountain Frame - Black, 40,129
Debur and Polish,LL Mountain Frame - Silver, 40,123
Final Assembly,Seat Lug,729
Final Assembly,Decal 1,641
Final Assembly,Flat Washer 3,641
Final Assembly,Seat Stays,542
Final Assembly,Flat Washer 2,499
Final Assembly,Decal 2,475
Final Assembly,Seat Post,444
Final Assembly,Seat Tube,388
Final Assembly,Flat Washer 9,382
Final Assembly,LL Touring Seat/Saddle,382
Final Assembly,Steerer,374
Final Assembly,Stem,371
Final Assembly,Flat Washer 7,342
Final Assembly,Flat Washer 1,339
Final Assembly,Flat Washer 5,337
Final Assembly,Flat Washer 6,336
Final Assembly,Flat Washer 8,332
Final Assembly,LL Road Seat/Saddle,302
Final Assembly,Flat Washer 4,300
Final Assembly,HL Touring Seat/Saddle,276
Final Assembly,ML Road Seat/Saddle,246
Final Assembly,HL Touring Seat Assembly,225
Final Assembly,ML Touring Seat Assembly,224
Final Assembly,LL Touring Seat Assembly,222
Final Assembly,HL Road Seat Assembly,220
Final Assembly,ML Road Seat Assembly,219
Final Assembly,LL Road Seat Assembly,217
Final Assembly,HL Mountain Seat Assembly,216
Final Assembly,ML Mountain Seat Assembly,214
Final Assembly,LL Mountain Seat Assembly,212
Final Assembly,LL Mountain Seat/Saddle,195
Final Assembly,ML Touring Seat/Saddle,158
Final Assembly,HL Road Seat/Saddle,153
Final Assembly,LL Spindle/Axle,139
Final Assembly,HL Mountain Frame - Black, 38,137
Final Assembly,ML Mountain Frame-W - Silver, 38,136
Final Assembly,LL Mountain Frame - Silver, 40,134
Final Assembly,ML Road Frame-W - Yellow, 38,131
Final Assembly,ML Mountain Frame - Black, 38,126
Final Assembly,Road-650 Black, 52,123
Final Assembly,Road-250 Red, 58,123
Final Assembly,Road-550-W Yellow, 42,123
Final Assembly,Touring-2000 Blue, 50,123
Final Assembly,Road-350-W Yellow, 48,123
Final Assembly,Touring-3000 Blue, 58,121
Final Assembly,Mountain-300 Black, 40,121
Final Assembly,Mountain-200 Silver, 42,121
Final Assembly,HL Mountain Frame - Silver, 38,121
Final Assembly,Road-150 Red, 44,121
Final Assembly,Road-650 Red, 48,121
Final Assembly,ML Mountain Seat/Saddle,120
Final Assembly,LL Mountain Frame - Black, 40,118
Final Assembly,Mountain-100 Black, 42,116
Final Assembly,Touring-3000 Yellow, 58,116
Final Assembly,Mountain-500 Silver, 52,116
Final Assembly,Road-750 Black, 52,116
Final Assembly,Mountain-200 Silver, 46,108
Final Assembly,Mountain-300 Black, 44,108
Final Assembly,Road-650 Red, 52,108
Final Assembly,Road-150 Red, 48,108
Final Assembly,HL Spindle/Axle,107
Final Assembly,Touring-3000 Yellow, 50,107
Final Assembly,Touring-3000 Blue, 62,105
Final Assembly,Mountain-400-W Silver, 46,104
Final Assembly,Mountain-500 Silver, 42,104
Final Assembly,Mountain-500 Black, 48,104
Final Assembly,Mountain-100 Silver, 48,102
Final Assembly,Mountain-100 Silver, 38,100
Final Assembly,Mountain-100 Black, 44,100
Final Assembly,Touring-1000 Yellow, 60,100
Final Assembly,Mountain-400-W Silver, 38,99
Final Assembly,Touring-2000 Blue, 54,99
Final Assembly,Touring-1000 Blue, 60,99
Final Assembly,Mountain-500 Black, 40,99
Final Assembly,Road-550-W Yellow, 44,99
Final Assembly,Road-450 Red, 44,99
Final Assembly,HL Mountain Seat/Saddle,96
Final Assembly,Road-250 Black, 52,88
Final Assembly,Mountain-200 Black, 38,88
Final Assembly,Road-650 Black, 62,88
Final Assembly,Road-650 Red, 60,86
Final Assembly,Road-250 Red, 48,86
Final Assembly,Road-350-W Yellow, 40,86
Final Assembly,Touring-1000 Blue, 46,86
Final Assembly,Touring-1000 Yellow, 46,83
Final Assembly,Road-250 Black, 58,83
Final Assembly,Mountain-200 Black, 42,83
Final Assembly,Road-450 Red, 58,83
Final Assembly,Road-650 Black, 44,81
Final Assembly,Road-650 Red, 62,81
Final Assembly,Road-550-W Yellow, 38,81
Final Assembly,Road-250 Red, 52,81
Final Assembly,Road-350-W Yellow, 42,81
Final Assembly,Touring-1000 Blue, 50,81
Final Assembly,Touring-3000 Yellow, 44,80
Final Assembly,Touring-3000 Blue, 50,78
Final Assembly,Road-250 Black, 44,78
Final Assembly,Road-550-W Yellow, 48,78
Final Assembly,Road-650 Black, 58,78
Final Assembly,Road-450 Red, 48,78
Final Assembly,Road-150 Red, 52,76
Final Assembly,Mountain-300 Black, 48,76
Final Assembly,Mountain-100 Silver, 44,75
Final Assembly,Mountain-400-W Silver, 42,73
Final Assembly,Mountain-500 Silver, 40,73
Final Assembly,Mountain-500 Black, 44,73
Final Assembly,Touring-3000 Blue, 44,72
Final Assembly,Touring-3000 Yellow, 62,72
Final Assembly,Mountain-400-W Silver, 40,67
Final Assembly,Mountain-500 Black, 42,67
Final Assembly,Road-750 Black, 58,65
Final Assembly,Mountain-100 Silver, 42,65
Final Assembly,Mountain-100 Black, 48,65
Final Assembly,Mountain-200 Silver, 38,62
Final Assembly,Mountain-200 Black, 46,62
Final Assembly,Mountain-300 Black, 38,62
Final Assembly,Touring-1000 Yellow, 50,62
Final Assembly,Road-450 Red, 60,62
Final Assembly,Road-650 Red, 44,62
Final Assembly,Road-150 Red, 62,60
Final Assembly,Road-350-W Yellow, 44,60
Final Assembly,Touring-1000 Blue, 54,60
Final Assembly,Touring-2000 Blue, 46,60
Final Assembly,Road-550-W Yellow, 40,60
Final Assembly,Road-650 Black, 48,60
Final Assembly,Mountain-100 Black, 38,56
Final Assembly,Mountain-500 Silver, 48,56
Final Assembly,Road-750 Black, 48,56
Final Assembly,Road-250 Red, 44,51
Final Assembly,Road-150 Red, 56,51
Final Assembly,Road-650 Red, 58,51
Final Assembly,Road-450 Red, 52,49
Final Assembly,Road-650 Black, 60,49
Final Assembly,Road-250 Black, 48,49
Final Assembly,Touring-2000 Blue, 60,49
Final Assembly,Touring-1000 Yellow, 54,40
Final Assembly,Touring-3000 Yellow, 54,36
Final Assembly,Touring-3000 Blue, 54,35
Final Assembly,Road-750 Black, 44,30
Final Assembly,Mountain-500 Black, 52,30
Final Assembly,Mountain-500 Silver, 44,30
Finished Goods Storage,Short-Sleeve Classic Jersey, S,324
Finished Goods Storage,Mountain Pump,324
Finished Goods Storage,Women's Tights, S,324
Finished Goods Storage,Half-Finger Gloves, S,324
Finished Goods Storage,Road Bottle Cage,324
Finished Goods Storage,Sport-100 Helmet, Black,324
Finished Goods Storage,Sport-100 Helmet, Red,288
Finished Goods Storage,AWC Logo Cap,288
Finished Goods Storage,Women's Mountain Shorts, L,288
Finished Goods Storage,Men's Sports Shorts, S,288
Finished Goods Storage,Minipump,288
Finished Goods Storage,Mountain Bottle Cage,288
Finished Goods Storage,Racing Socks, L,288
Finished Goods Storage,Racing Socks, M,252
Finished Goods Storage,Cable Lock,252
Finished Goods Storage,Water Bottle - 30 oz.,252
Finished Goods Storage,Classic Vest, L,252
Finished Goods Storage,Women's Mountain Shorts, M,252
Finished Goods Storage,Long-Sleeve Logo Jersey, XL,252
Finished Goods Storage,Long-Sleeve Logo Jersey, L,216
Finished Goods Storage,Mountain Bike Socks, L,216
Finished Goods Storage,Sport-100 Helmet, Blue,216
Finished Goods Storage,Classic Vest, M,216
Finished Goods Storage,Women's Mountain Shorts, S,216
Finished Goods Storage,Headlights - Weatherproof,216
Finished Goods Storage,Headlights - Dual-Beam,180
Finished Goods Storage,Men's Sports Shorts, XL,180
Finished Goods Storage,Patch Kit/8 Patches,180
Finished Goods Storage,Classic Vest, S,180
Finished Goods Storage,Long-Sleeve Logo Jersey, M,180
Finished Goods Storage,Mountain Bike Socks, M,180
Finished Goods Storage,Long-Sleeve Logo Jersey, S,144
Finished Goods Storage,Full-Finger Gloves, L,144
Finished Goods Storage,Men's Bib-Shorts, L,144
Finished Goods Storage,Men's Sports Shorts, L,144
Finished Goods Storage,Taillights - Battery-Powered,144
Finished Goods Storage,All-Purpose Bike Stand,144
Finished Goods Storage,Touring-3000 Blue, 54,128
Finished Goods Storage,Touring-3000 Yellow, 54,126
Finished Goods Storage,Mountain-500 Silver, 44,123
Finished Goods Storage,Mountain-500 Black, 52,123
Finished Goods Storage,Road-750 Black, 44,123
Finished Goods Storage,Touring-2000 Blue, 60,116
Finished Goods Storage,Road-250 Black, 48,116
Finished Goods Storage,Road-650 Black, 60,116
Finished Goods Storage,Road-450 Red, 52,116
Finished Goods Storage,Road-650 Red, 58,112
Finished Goods Storage,Road-150 Red, 56,112
Finished Goods Storage,Road-250 Red, 44,112
Finished Goods Storage,Hydration Pack - 70 oz.,108
Finished Goods Storage,Fender Set - Mountain,108
Finished Goods Storage,Men's Sports Shorts, M,108
Finished Goods Storage,Men's Bib-Shorts, M,108
Finished Goods Storage,Full-Finger Gloves, M,108
Finished Goods Storage,Road-250 Red, 58,104
Finished Goods Storage,Road-550-W Yellow, 42,104
Finished Goods Storage,Road-650 Black, 52,104
Finished Goods Storage,Touring-2000 Blue, 50,104
Finished Goods Storage,Road-350-W Yellow, 48,104
Finished Goods Storage,Mountain-200 Silver, 42,102
Finished Goods Storage,Mountain-300 Black, 40,102
Finished Goods Storage,Road-150 Red, 44,102
Finished Goods Storage,Road-650 Red, 48,102
Finished Goods Storage,Road-650 Black, 62,100
Finished Goods Storage,Road-250 Black, 52,100
Finished Goods Storage,Mountain-200 Black, 38,100
Finished Goods Storage,Mountain-100 Black, 38,99
Finished Goods Storage,Road-250 Red, 48,99
Finished Goods Storage,Road-350-W Yellow, 40,99
Finished Goods Storage,Touring-1000 Blue, 46,99
Finished Goods Storage,Road-750 Black, 48,99
Finished Goods Storage,Mountain-500 Silver, 48,99
Finished Goods Storage,Road-650 Red, 60,99
Finished Goods Storage,Touring-3000 Yellow, 62,91
Finished Goods Storage,Touring-3000 Blue, 44,91
Finished Goods Storage,Road-750 Black, 58,88
Finished Goods Storage,Touring-3000 Yellow, 44,88
Finished Goods Storage,Mountain-100 Silver, 42,88
Finished Goods Storage,Mountain-100 Black, 48,88
Finished Goods Storage,Touring-3000 Blue, 50,86
Finished Goods Storage,Mountain-400-W Silver, 40,86
Finished Goods Storage,Mountain-500 Black, 42,86
Finished Goods Storage,Touring-3000 Blue, 58,83
Finished Goods Storage,Mountain-100 Silver, 44,83
Finished Goods Storage,Touring-3000 Yellow, 58,81
Finished Goods Storage,Mountain-400-W Silver, 42,81
Finished Goods Storage,Mountain-500 Black, 44,81
Finished Goods Storage,Mountain-500 Silver, 40,81
Finished Goods Storage,Mountain-500 Silver, 52,78
Finished Goods Storage,Road-750 Black, 52,78
Finished Goods Storage,Mountain-100 Black, 42,78
Finished Goods Storage,Mountain-200 Silver, 38,75
Finished Goods Storage,Mountain-300 Black, 38,75
Finished Goods Storage,Mountain-200 Black, 46,75
Finished Goods Storage,Touring-1000 Yellow, 50,75
Finished Goods Storage,Road-450 Red, 60,75
Finished Goods Storage,Road-650 Red, 44,75
Finished Goods Storage,Road-650 Black, 48,73
Finished Goods Storage,Road-150 Red, 62,73
Finished Goods Storage,Road-350-W Yellow, 44,73
Finished Goods Storage,Touring-2000 Blue, 46,73
Finished Goods Storage,Touring-1000 Blue, 54,73
Finished Goods Storage,Road-550-W Yellow, 40,73
Finished Goods Storage,Full-Finger Gloves, S,72
Finished Goods Storage,Men's Bib-Shorts, S,72
Finished Goods Storage,Touring-Panniers, Large,72
Finished Goods Storage,Short-Sleeve Classic Jersey, XL,72
Finished Goods Storage,Road-550-W Yellow, 38,67
Finished Goods Storage,Road-250 Red, 52,67
Finished Goods Storage,Road-350-W Yellow, 42,67
Finished Goods Storage,Touring-1000 Blue, 50,67
Finished Goods Storage,Touring-3000 Yellow, 50,67
Finished Goods Storage,Road-650 Black, 44,67
Finished Goods Storage,Road-650 Red, 62,67
Finished Goods Storage,Road-450 Red, 58,65
Finished Goods Storage,Touring-1000 Yellow, 46,65
Finished Goods Storage,Road-250 Black, 58,65
Finished Goods Storage,Mountain-200 Black, 42,65
Finished Goods Storage,Mountain-100 Silver, 48,62
Finished Goods Storage,Mountain-400-W Silver, 46,60
Finished Goods Storage,Mountain-500 Black, 48,60
Finished Goods Storage,Mountain-500 Silver, 42,60
Finished Goods Storage,Road-550-W Yellow, 48,56
Finished Goods Storage,Road-250 Black, 44,56
Finished Goods Storage,Road-450 Red, 48,56
Finished Goods Storage,Road-650 Black, 58,56
Finished Goods Storage,Touring-3000 Blue, 62,54
Finished Goods Storage,Mountain-300 Black, 48,52
Finished Goods Storage,Road-150 Red, 52,52
Finished Goods Storage,Touring-1000 Yellow, 60,51
Finished Goods Storage,Mountain-400-W Silver, 38,51
Finished Goods Storage,Mountain-500 Black, 40,51
Finished Goods Storage,Mountain-100 Black, 44,49
Finished Goods Storage,Mountain-100 Silver, 38,49
Finished Goods Storage,Bike Wash - Dissolver,36
Finished Goods Storage,Women's Tights, L,36
Finished Goods Storage,Half-Finger Gloves, L,36
Finished Goods Storage,Short-Sleeve Classic Jersey, L,36
Finished Goods Storage,Touring-1000 Yellow, 54,35
Finished Goods Storage,Mountain-200 Silver, 46,32
Finished Goods Storage,Mountain-300 Black, 44,32
Finished Goods Storage,Road-150 Red, 48,32
Finished Goods Storage,Road-650 Red, 52,32
Finished Goods Storage,Road-450 Red, 44,30
Finished Goods Storage,Road-550-W Yellow, 44,30
Finished Goods Storage,Touring-2000 Blue, 54,30
Finished Goods Storage,Touring-1000 Blue, 60,30
Finished Goods Storage,Half-Finger Gloves, M,0
Finished Goods Storage,Women's Tights, M,0
Finished Goods Storage,Hitch Rack - 4-Bike,0
Finished Goods Storage,Short-Sleeve Classic Jersey, M,0
Frame Forming,Metal Bar 2,622
Frame Forming,Mountain End Caps,585
Frame Forming,Road End Caps,576
Frame Forming,Touring End Caps,566
Frame Forming,Metal Sheet 3,459
Frame Forming,Metal Plate 1,457
Frame Forming,Metal Sheet 5,457
Frame Forming,Down Tube,443
Frame Forming,Fork End,441
Frame Forming,Fork Crown,406
Frame Forming,Handlebar Tube,404
Frame Forming,Metal Angle,404
Frame Forming,Head Tube,398
Frame Forming,Blade,388
Frame Forming,Metal Bar 1,353
Frame Forming,Metal Sheet 6,324
Frame Forming,Metal Sheet 1,305
Frame Forming,Front Derailleur Cage,281
Frame Forming,Front Derailleur Linkage,278
Frame Forming,LL Mountain Handlebars,267
Frame Forming,ML Mountain Handlebars,264
Frame Forming,HL Mountain Handlebars,260
Frame Forming,LL Road Handlebars,257
Frame Forming,ML Road Handlebars,254
Frame Forming,HL Fork,252
Frame Forming,HL Road Handlebars,251
Frame Forming,LL Touring Handlebars,248
Frame Forming,ML Fork,246
Frame Forming,LL Hub,246
Frame Forming,HL Touring Handlebars,244
Frame Forming,LL Fork,240
Frame Forming,Front Derailleur,236
Frame Forming,Freewheel,233
Frame Forming,HL Hub,212
Frame Forming,Metal Plate 2,198
Frame Forming,Metal Plate 3,196
Frame Forming,Metal Sheet 7,196
Frame Forming,Metal Sheet 4,176
Frame Forming,Metal Sheet 2,176
Frame Forming,HL Mountain Frame - Black, 38,121
Frame Forming,ML Mountain Frame-W - Silver, 38,120
Frame Forming,ML Road Frame-W - Yellow, 38,115
Frame Forming,LL Mountain Frame - Silver, 40,112
Frame Forming,ML Mountain Frame - Black, 38,110
Frame Forming,HL Mountain Frame - Silver, 38,105
Frame Forming,LL Mountain Frame - Black, 40,102
Frame Welding,Handlebar Tube,550
Frame Welding,Head Tube,544
Frame Welding,Metal Angle,355
Frame Welding,HL Hub,302
Frame Welding,LL Hub,284
Frame Welding,LL Mountain Handlebars,276
Frame Welding,ML Mountain Handlebars,273
Frame Welding,HL Mountain Handlebars,270
Frame Welding,LL Road Handlebars,267
Frame Welding,ML Road Handlebars,264
Frame Welding,HL Road Handlebars,260
Frame Welding,LL Touring Handlebars,257
Frame Welding,HL Touring Handlebars,254
Frame Welding,HL Mountain Frame - Black, 38,161
Frame Welding,ML Mountain Frame-W - Silver, 38,160
Frame Welding,ML Road Frame-W - Yellow, 38,155
Frame Welding,ML Mountain Frame - Black, 38,150
Frame Welding,HL Mountain Frame - Silver, 38,145
Frame Welding,LL Mountain Frame - Black, 40,142
Frame Welding,LL Mountain Frame - Silver, 40,96
Metal Storage,Fork Crown,622
Metal Storage,Chainring,587
Metal Storage,Fork End,574
Metal Storage,Mountain End Caps,568
Metal Storage,Crown Race,568
Metal Storage,Chain Stays,568
Metal Storage,Metal Bar 2,568
Metal Storage,Road End Caps,558
Metal Storage,Touring End Caps,548
Metal Storage,Chainring Nut,540
Metal Storage,Blade,532
Metal Storage,Metal Sheet 3,531
Metal Storage,Metal Sheet 5,515
Metal Storage,Metal Plate 1,515
Metal Storage,HL Road Front Wheel,446
Metal Storage,HL Mountain Front Wheel,443
Metal Storage,Touring Front Wheel,432
Metal Storage,LL Road Front Wheel,428
Metal Storage,Metal Sheet 2,427
Metal Storage,Metal Sheet 4,427
Metal Storage,ML Road Front Wheel,409
Metal Storage,Down Tube,408
Metal Storage,ML Mountain Front Wheel,406
Metal Storage,Metal Plate 2,390
Metal Storage,Metal Plate 3,374
Metal Storage,Metal Sheet 7,374
Metal Storage,Handlebar Tube,372
Metal Storage,Chainring Bolts,372
Metal Storage,Head Tube,366
Metal Storage,HL Fork,363
Metal Storage,ML Fork,356
Metal Storage,LL Fork,350
Metal Storage,HL Crankset,348
Metal Storage,Front Brakes,347
Metal Storage,Front Derailleur,347
Metal Storage,Freewheel,344
Metal Storage,ML Crankset,342
Metal Storage,Metal Sheet 6,337
Metal Storage,LL Crankset,336
Metal Storage,Metal Angle,324
Metal Storage,Metal Bar 1,323
Metal Storage,Metal Sheet 1,318
Metal Storage,Front Derailleur Linkage,300
Metal Storage,HL Hub,283
Metal Storage,LL Mountain Front Wheel,265
Metal Storage,LL Hub,260
Metal Storage,Chain,192
Metal Storage,HL Crankarm,184
Metal Storage,Front Derailleur Cage,179
Metal Storage,ML Crankarm,171
Metal Storage,LL Crankarm,158
Miscellaneous Storage,Seat Lug,924
Miscellaneous Storage,Hex Nut 7,897
Miscellaneous Storage,Spokes,888
Miscellaneous Storage,Hex Nut 14,780
Miscellaneous Storage,Seat Stays,715
Miscellaneous Storage,Hex Nut 10,710
Miscellaneous Storage,Hex Nut 2,691
Miscellaneous Storage,Thin-Jam Hex Nut 5,691
Miscellaneous Storage,Thin-Jam Hex Nut 3,689
Miscellaneous Storage,HL Mountain Rim,689
Miscellaneous Storage,ML Mountain Rim,681
Miscellaneous Storage,Hex Nut 23,676
Miscellaneous Storage,LL Mountain Rim,673
Miscellaneous Storage,Hex Nut 6,649
Miscellaneous Storage,Thin-Jam Hex Nut 7,649
Miscellaneous Storage,LL Shell,644
Miscellaneous Storage,Thin-Jam Hex Nut 15,643
Miscellaneous Storage,Touring Rim,640
Miscellaneous Storage,Internal Lock Washer 6,627
Miscellaneous Storage,Metal Tread Plate,619
Miscellaneous Storage,Internal Lock Washer 4,603
Miscellaneous Storage,Thin-Jam Hex Nut 1,601
Miscellaneous Storage,LL Nipple,600
Miscellaneous Storage,HL Shell,587
Miscellaneous Storage,Decal 2,587
Miscellaneous Storage,External Lock Washer 7,587
Miscellaneous Storage,Hex Nut 18,585
Miscellaneous Storage,Lock Washer 11,585
Miscellaneous Storage,Lock Washer 3,584
Miscellaneous Storage,Lock Washer 9,582
Miscellaneous Storage,Lock Washer 2,580
Miscellaneous Storage,Lock Washer 12,579
Miscellaneous Storage,Lock Washer 7,577
Miscellaneous Storage,Lock Washer 1,576
Miscellaneous Storage,Lock Washer 8,574
Miscellaneous Storage,Lock Washer 13,572
Miscellaneous Storage,Lock Washer 6,571
Miscellaneous Storage,Lock Washer 10,569
Miscellaneous Storage,Lock Washer 5,568
Miscellaneous Storage,Lock Washer 4,566
Miscellaneous Storage,External Lock Washer 2,552
Miscellaneous Storage,Hex Nut 19,550
Miscellaneous Storage,Decal 1,540
Miscellaneous Storage,Lock Nut 16,534
Miscellaneous Storage,Lock Nut 6,531
Miscellaneous Storage,Lock Nut 17,529
Miscellaneous Storage,Lock Nut 5,528
Miscellaneous Storage,Hex Nut 13,526
Miscellaneous Storage,Thin-Jam Lock Nut 11,524
Miscellaneous Storage,Lock Nut 7,524
Miscellaneous Storage,Lock Ring,521
Miscellaneous Storage,Thin-Jam Lock Nut 12,521
Miscellaneous Storage,Lock Nut 8,520
Miscellaneous Storage,Lock Nut 18,518
Miscellaneous Storage,Thin-Jam Lock Nut 8,518
Miscellaneous Storage,Thin-Jam Lock Nut 7,515
Miscellaneous Storage,Thin-Jam Lock Nut 9,515
Miscellaneous Storage,Lock Nut 19,515
Miscellaneous Storage,Lock Nut 9,515
Miscellaneous Storage,Thin-Jam Lock Nut 10,513
Miscellaneous Storage,Thin-Jam Lock Nut 14,512
Miscellaneous Storage,Thin-Jam Lock Nut 1,512
Miscellaneous Storage,Lock Nut 4,512
Miscellaneous Storage,Lock Nut 22,510
Miscellaneous Storage,Thin-Jam Lock Nut 2,510
Miscellaneous Storage,Thin-Jam Lock Nut 15,508
Miscellaneous Storage,Thin-Jam Lock Nut 13,508
Miscellaneous Storage,Lock Nut 15,508
Miscellaneous Storage,Thin-Jam Lock Nut 16,507
Miscellaneous Storage,Thin-Jam Lock Nut 5,505
Miscellaneous Storage,Thin-Jam Lock Nut 4,505
Miscellaneous Storage,Lock Nut 14,505
Miscellaneous Storage,Lock Nut 23,505
Miscellaneous Storage,Thin-Jam Lock Nut 6,504
Miscellaneous Storage,Thin-Jam Lock Nut 3,502
Miscellaneous Storage,Lock Nut 3,502
Miscellaneous Storage,Lock Nut 12,500
Miscellaneous Storage,Lock Nut 21,499
Miscellaneous Storage,Lock Nut 20,496
Miscellaneous Storage,Lock Nut 13,496
Miscellaneous Storage,Lock Nut 2,492
Miscellaneous Storage,Lock Nut 1,491
Miscellaneous Storage,Lock Nut 11,489
Miscellaneous Storage,Lock Nut 10,486
Miscellaneous Storage,HL Bottom Bracket,475
Miscellaneous Storage,Seat Tube,443
Miscellaneous Storage,BB Ball Bearing,443
Miscellaneous Storage,HL Road Rear Wheel,432
Miscellaneous Storage,Steerer,427
Miscellaneous Storage,Tension Pulley,427
Miscellaneous Storage,Stem,425
Miscellaneous Storage,LL Mountain Rear Wheel,425
Miscellaneous Storage,HL Touring Seat/Saddle,425
Miscellaneous Storage,Headset Ball Bearings,422
Miscellaneous Storage,HL Nipple,420
Miscellaneous Storage,ML Road Rear Wheel,412
Miscellaneous Storage,ML Mountain Rear Wheel,411
Miscellaneous Storage,LL Road Rim,406
Miscellaneous Storage,LL Mountain Seat/Saddle,400
Miscellaneous Storage,HL Mountain Rear Wheel,396
Miscellaneous Storage,LL Road Rear Wheel,393
Miscellaneous Storage,ML Road Rim,390
Miscellaneous Storage,Reflector,390
Miscellaneous Storage,ML Mountain Tire,385
Miscellaneous Storage,ML Road Tire,382
Miscellaneous Storage,Top Tube,379
Miscellaneous Storage,Cup-Shaped Race,372
Miscellaneous Storage,Pinch Bolt,364
Miscellaneous Storage,Thin-Jam Hex Nut 4,360
Miscellaneous Storage,Thin-Jam Hex Nut 9,360
Miscellaneous Storage,Thin-Jam Hex Nut 16,358
Miscellaneous Storage,LL Bottom Bracket,358
Miscellaneous Storage,Rear Derailleur,355
Miscellaneous Storage,Hex Nut 4,355
Miscellaneous Storage,Keyed Washer,353
Miscellaneous Storage,Thin-Jam Hex Nut 10,353
Miscellaneous Storage,Thin-Jam Hex Nut 13,353
Miscellaneous Storage,Hex Nut 5,353
Miscellaneous Storage,Thin-Jam Hex Nut 11,350
Miscellaneous Storage,External Lock Washer 3,350
Miscellaneous Storage,External Lock Washer 4,347
Miscellaneous Storage,Thin-Jam Hex Nut 12,347
Miscellaneous Storage,Thin-Jam Hex Nut 8,344
Miscellaneous Storage,External Lock Washer 9,344
Miscellaneous Storage,External Lock Washer 6,344
Miscellaneous Storage,External Lock Washer 1,340
Miscellaneous Storage,External Lock Washer 5,340
Miscellaneous Storage,External Lock Washer 8,337
Miscellaneous Storage,Seat Post,336
Miscellaneous Storage,HL Road Rim,334
Miscellaneous Storage,Adjustable Race,324
Miscellaneous Storage,Internal Lock Washer 3,321
Miscellaneous Storage,Internal Lock Washer 9,321
Miscellaneous Storage,ML Bottom Bracket,321
Miscellaneous Storage,Bearing Ball,318
Miscellaneous Storage,Internal Lock Washer 5,316
Miscellaneous Storage,Thin-Jam Hex Nut 2,315
Miscellaneous Storage,Internal Lock Washer 7,312
Miscellaneous Storage,ML Road Seat/Saddle,302
Miscellaneous Storage,HL Road Tire,299
Miscellaneous Storage,Hex Nut 16,299
Miscellaneous Storage,Thin-Jam Hex Nut 6,299
Miscellaneous Storage,Cone-Shaped Race,299
Miscellaneous Storage,Hex Nut 17,294
Miscellaneous Storage,Mountain Tire Tube,286
Miscellaneous Storage,LL Road Seat/Saddle,283
Miscellaneous Storage,Internal Lock Washer 10,283
Miscellaneous Storage,Internal Lock Washer 1,281
Miscellaneous Storage,Internal Lock Washer 8,280
Miscellaneous Storage,HL Touring Seat Assembly,280
Miscellaneous Storage,ML Touring Seat Assembly,278
Miscellaneous Storage,Internal Lock Washer 2,278
Miscellaneous Storage,Hex Nut 22,276
Miscellaneous Storage,LL Touring Seat Assembly,276
Miscellaneous Storage,HL Road Seat Assembly,275
Miscellaneous Storage,ML Road Seat Assembly,273
Miscellaneous Storage,LL Road Seat Assembly,272
Miscellaneous Storage,HL Headset,272
Miscellaneous Storage,HL Mountain Seat Assembly,270
Miscellaneous Storage,Hex Nut 9,270
Miscellaneous Storage,ML Mountain Seat Assembly,268
Miscellaneous Storage,ML Headset,268
Miscellaneous Storage,HL Mountain Tire,267
Miscellaneous Storage,HL Road Pedal,267
Miscellaneous Storage,LL Mountain Seat Assembly,267
Miscellaneous Storage,LL Headset,265
Miscellaneous Storage,Touring Rear Wheel,265
Miscellaneous Storage,Road Tire Tube,264
Miscellaneous Storage,Hex Nut 8,264
Miscellaneous Storage,Touring Tire Tube,262
Miscellaneous Storage,Touring Pedal,262
Miscellaneous Storage,Guide Pulley,257
Miscellaneous Storage,LL Touring Seat/Saddle,248
Miscellaneous Storage,LL Grip Tape,243
Miscellaneous Storage,LL Mountain Tire,240
Miscellaneous Storage,LL Road Tire,236
Miscellaneous Storage,Touring Tire,233
Miscellaneous Storage,ML Mountain Seat/Saddle,230
Miscellaneous Storage,Rear Brakes,228
Miscellaneous Storage,ML Grip Tape,228
Miscellaneous Storage,Hex Nut 12,217
Miscellaneous Storage,HL Grip Tape,214
Miscellaneous Storage,Lower Head Race,204
Miscellaneous Storage,Hex Nut 1,192
Miscellaneous Storage,LL Mountain Pedal,182
Miscellaneous Storage,ML Mountain Pedal,180
Miscellaneous Storage,HL Mountain Pedal,179
Miscellaneous Storage,LL Road Pedal,177
Miscellaneous Storage,ML Road Pedal,176
Miscellaneous Storage,HL Road Seat/Saddle,169
Miscellaneous Storage,LL Spindle/Axle,164
Miscellaneous Storage,ML Touring Seat/Saddle,161
Miscellaneous Storage,Thin-Jam Hex Nut 14,155
Miscellaneous Storage,Hex Nut 15,150
Miscellaneous Storage,Hex Nut 3,147
Miscellaneous Storage,Hex Nut 21,144
Miscellaneous Storage,Hex Nut 20,140
Miscellaneous Storage,Hex Nut 11,140
Miscellaneous Storage,Rear Derailleur Cage,136
Miscellaneous Storage,HL Spindle/Axle,124
Miscellaneous Storage,HL Mountain Seat/Saddle,91
Paint,HL Mountain Frame - Black, 38,107
Paint,ML Road Frame-W - Yellow, 38,100
Paint,ML Mountain Frame - Black, 38,96
Paint,LL Mountain Frame - Black, 40,88
Paint,Paint - Yellow,44
Paint,Paint - Red,28
Paint,Paint - Blue,25
Paint,Paint - Black,16
Paint,Paint - Silver,4
Paint Shop,Paint - Blue,49
Paint Shop,Paint - Silver,49
Paint Shop,Paint - Red,41
Paint Shop,Paint - Yellow,30
Paint Shop,Paint - Black,17
Paint Storage,Paint - Blue,35
Paint Storage,Paint - Yellow,25
Paint Storage,Paint - Red,24
Paint Storage,Paint - Black,14
Paint Storage,Paint - Silver,12
Sheet Metal Racks,Metal Sheet 3,691
Sheet Metal Racks,Metal Plate 1,689
Sheet Metal Racks,Metal Sheet 5,689
Sheet Metal Racks,Metal Bar 2,497
Sheet Metal Racks,Metal Plate 2,441
Sheet Metal Racks,Metal Plate 3,427
Sheet Metal Racks,Metal Sheet 7,427
Sheet Metal Racks,Metal Bar 1,403
Sheet Metal Racks,Metal Sheet 6,331
Sheet Metal Racks,Metal Sheet 4,321
Sheet Metal Racks,Metal Sheet 2,321
Sheet Metal Racks,Metal Sheet 1,312
Specialized Paint,LL Mountain Frame - Silver, 40,136
Specialized Paint,ML Mountain Frame-W - Silver, 38,105
Specialized Paint,HL Mountain Frame - Silver, 38,91
Subassembly,Hex Nut 19,763
Subassembly,Touring Rim,724
Subassembly,Spokes,702
Subassembly,Hex Nut 7,691
Subassembly,Hex Nut 10,654
Subassembly,Chainring Nut,641
Subassembly,Lock Washer 11,640
Subassembly,Lock Washer 3,638
Subassembly,Hex Nut 23,638
Subassembly,Lock Washer 9,636
Subassembly,Lock Washer 2,635
Subassembly,Lock Washer 12,633
Subassembly,Hex Nut 13,633
Subassembly,Lock Washer 7,632
Subassembly,Lock Washer 1,630
Subassembly,Lock Washer 8,628
Subassembly,Lock Washer 13,627
Subassembly,Lock Washer 6,625
Subassembly,External Lock Washer 7,625
Subassembly,Lock Washer 10,624
Subassembly,HL Shell,624
Subassembly,Lock Washer 5,622
Subassembly,Lock Washer 4,620
Subassembly,LL Shell,619
Subassembly,Thin-Jam Hex Nut 5,619
Subassembly,Thin-Jam Hex Nut 15,619
Subassembly,Flat Washer 2,606
Subassembly,Metal Tread Plate,606
Subassembly,Hex Nut 18,603
Subassembly,LL Nipple,587
Subassembly,Thin-Jam Hex Nut 3,569
Subassembly,HL Mountain Rim,558
Subassembly,ML Mountain Rim,550
Subassembly,Thin-Jam Hex Nut 7,547
Subassembly,Hex Nut 6,547
Subassembly,LL Mountain Rim,542
Subassembly,Thin-Jam Hex Nut 1,531
Subassembly,Internal Lock Washer 6,516
Subassembly,Lock Nut 16,516
Subassembly,Lock Nut 6,513
Subassembly,Down Tube,513
Subassembly,Crown Race,513
Subassembly,Lock Nut 17,512
Subassembly,Lock Nut 5,510
Subassembly,Thin-Jam Lock Nut 11,507
Subassembly,Lock Nut 7,507
Subassembly,Lock Ring,504
Subassembly,Thin-Jam Lock Nut 12,504
Subassembly,Lock Nut 8,502
Subassembly,Lock Nut 18,500
Subassembly,Thin-Jam Lock Nut 8,500
Subassembly,Thin-Jam Lock Nut 7,497
Subassembly,Thin-Jam Lock Nut 9,497
Subassembly,Hex Nut 14,497
Subassembly,Lock Nut 19,497
Subassembly,Lock Nut 9,497
Subassembly,Thin-Jam Lock Nut 10,496
Subassembly,Thin-Jam Lock Nut 14,494
Subassembly,Thin-Jam Lock Nut 1,494
Subassembly,Lock Nut 4,494
Subassembly,Lock Nut 22,492
Subassembly,Thin-Jam Lock Nut 2,492
Subassembly,Thin-Jam Lock Nut 15,491
Subassembly,Thin-Jam Lock Nut 13,491
Subassembly,Lock Nut 15,491
Subassembly,Thin-Jam Lock Nut 16,489
Subassembly,Thin-Jam Lock Nut 4,488
Subassembly,Thin-Jam Lock Nut 5,488
Subassembly,Lock Nut 14,488
Subassembly,Lock Nut 23,488
Subassembly,Thin-Jam Lock Nut 6,486
Subassembly,Thin-Jam Lock Nut 3,484
Subassembly,Lock Nut 3,484
Subassembly,Lock Nut 12,483
Subassembly,Lock Nut 21,481
Subassembly,Lock Nut 20,478
Subassembly,Lock Nut 13,478
Subassembly,Chain Stays,476
Subassembly,Mountain End Caps,476
Subassembly,Thin-Jam Hex Nut 14,476
Subassembly,Flat Washer 3,476
Subassembly,Touring Rear Wheel,476
Subassembly,Chainring,475
Subassembly,Lock Nut 2,475
Subassembly,Lock Nut 1,473
Subassembly,Lock Nut 11,472
Subassembly,Lock Nut 10,468
Subassembly,Road End Caps,467
Subassembly,Hex Nut 2,460
Subassembly,LL Road Front Wheel,460
Subassembly,Hex Nut 15,459
Subassembly,Internal Lock Washer 4,459
Subassembly,External Lock Washer 2,459
Subassembly,Touring End Caps,457
Subassembly,LL Mountain Front Wheel,457
Subassembly,Blade,441
Subassembly,ML Road Rear Wheel,425
Subassembly,Front Brakes,420
Subassembly,ML Mountain Front Wheel,412
Subassembly,Thin-Jam Hex Nut 6,412
Subassembly,Tension Pulley,409
Subassembly,LL Road Rear Wheel,406
Subassembly,ML Mountain Rear Wheel,401
Subassembly,Hex Nut 16,393
Subassembly,Flat Washer 1,392
Subassembly,Fork End,390
Subassembly,Flat Washer 6,388
Subassembly,Headset Ball Bearings,388
Subassembly,Hex Nut 17,388
Subassembly,Internal Lock Washer 10,388
Subassembly,HL Mountain Front Wheel,388
Subassembly,Touring Pedal,388
Subassembly,HL Mountain Rear Wheel,387
Subassembly,Internal Lock Washer 1,387
Subassembly,Internal Lock Washer 8,385
Subassembly,Hex Nut 1,385
Subassembly,Internal Lock Washer 2,384
Subassembly,ML Road Front Wheel,384
Subassembly,Thin-Jam Hex Nut 4,374
Subassembly,Thin-Jam Hex Nut 9,374
Subassembly,Hex Nut 3,372
Subassembly,Internal Lock Washer 9,371
Subassembly,Hex Nut 21,369
Subassembly,LL Mountain Tire,369
Subassembly,Thin-Jam Hex Nut 13,368
Subassembly,Thin-Jam Hex Nut 10,368
Subassembly,Hex Nut 20,366
Subassembly,Hex Nut 11,366
Subassembly,Internal Lock Washer 5,366
Subassembly,Bearing Ball,364
Subassembly,Hex Nut 22,363
Subassembly,Internal Lock Washer 7,361
Subassembly,Hex Nut 9,356
Subassembly,Adjustable Race,353
Subassembly,ML Road Seat/Saddle,353
Subassembly,Hex Nut 8,350
Subassembly,ML Road Rim,350
Subassembly,Thin-Jam Hex Nut 2,334
Subassembly,Flat Washer 9,332
Subassembly,HL Touring Seat Assembly,331
Subassembly,ML Touring Seat Assembly,329
Subassembly,LL Touring Seat Assembly,328
Subassembly,HL Road Seat Assembly,326
Subassembly,Thin-Jam Hex Nut 16,326
Subassembly,BB Ball Bearing,324
Subassembly,ML Road Seat Assembly,324
Subassembly,LL Road Seat Assembly,323
Subassembly,HL Road Pedal,323
Subassembly,LL Road Seat/Saddle,321
Subassembly,HL Mountain Seat Assembly,321
Subassembly,Keyed Washer,321
Subassembly,ML Mountain Seat Assembly,320
Subassembly,Cup-Shaped Race,320
Subassembly,LL Mountain Seat Assembly,318
Subassembly,External Lock Washer 3,318
Subassembly,LL Road Rim,316
Subassembly,LL Mountain Handlebars,316
Subassembly,External Lock Washer 4,315
Subassembly,Flat Washer 4,315
Subassembly,Fork Crown,313
Subassembly,ML Mountain Handlebars,313
Subassembly,External Lock Washer 9,312
Subassembly,HL Mountain Handlebars,310
Subassembly,External Lock Washer 5,308
Subassembly,LL Road Handlebars,307
Subassembly,HL Crankarm,305
Subassembly,Hex Nut 12,304
Subassembly,ML Road Handlebars,304
Subassembly,Touring Front Wheel,304
Subassembly,HL Road Handlebars,300
Subassembly,HL Crankset,297
Subassembly,LL Touring Handlebars,297
Subassembly,External Lock Washer 6,296
Subassembly,HL Touring Handlebars,294
Subassembly,External Lock Washer 1,292
Subassembly,ML Crankset,291
Subassembly,External Lock Washer 8,289
Subassembly,Guide Pulley,289
Subassembly,HL Touring Seat/Saddle,288
Subassembly,HL Fork,286
Subassembly,HL Road Rear Wheel,284
Subassembly,ML Mountain Tire,284
Subassembly,LL Crankset,284
Subassembly,Chainring Bolts,283
Subassembly,Cone-Shaped Race,283
Subassembly,HL Road Rim,281
Subassembly,Hex Nut 5,281
Subassembly,ML Fork,280
Subassembly,Thin-Jam Hex Nut 11,278
Subassembly,Top Tube,278
Subassembly,Thin-Jam Hex Nut 12,275
Subassembly,LL Grip Tape,275
Subassembly,Pinch Bolt,273
Subassembly,LL Fork,273
Subassembly,Thin-Jam Hex Nut 8,272
Subassembly,Front Derailleur,270
Subassembly,Freewheel,267
Subassembly,ML Bottom Bracket,265
Subassembly,ML Grip Tape,260
Subassembly,Flat Washer 7,256
Subassembly,LL Mountain Rear Wheel,256
Subassembly,LL Road Tire,252
Subassembly,Flat Washer 5,251
Subassembly,Touring Tire,249
Subassembly,HL Nipple,248
Subassembly,Flat Washer 8,246
Subassembly,HL Grip Tape,246
Subassembly,Mountain Tire Tube,243
Subassembly,Road Tire Tube,241
Subassembly,Touring Tire Tube,240
Subassembly,HL Mountain Tire,232
Subassembly,HL Road Front Wheel,232
Subassembly,HL Road Tire,228
Subassembly,HL Spindle/Axle,228
Subassembly,HL Headset,219
Subassembly,ML Headset,216
Subassembly,LL Mountain Seat/Saddle,214
Subassembly,LL Headset,212
Subassembly,LL Bottom Bracket,212
Subassembly,LL Spindle/Axle,209
Subassembly,Front Derailleur Linkage,195
Subassembly,ML Road Tire,192
Subassembly,Lower Head Race,187
Subassembly,HL Bottom Bracket,174
Subassembly,LL Touring Seat/Saddle,171
Subassembly,HL Mountain Seat/Saddle,168
Subassembly,Chain,161
Subassembly,HL Mountain Frame - Black, 38,160
Subassembly,Rear Brakes,158
Subassembly,ML Mountain Frame-W - Silver, 38,158
Subassembly,LL Mountain Pedal,156
Subassembly,Internal Lock Washer 3,156
Subassembly,ML Mountain Pedal,155
Subassembly,Rear Derailleur,155
Subassembly,HL Mountain Pedal,153
Subassembly,ML Road Frame-W - Yellow, 38,153
Subassembly,LL Road Pedal,152
Subassembly,LL Crankarm,152
Subassembly,ML Road Pedal,150
Subassembly,ML Mountain Frame - Black, 38,148
Subassembly,Hex Nut 4,148
Subassembly,Front Derailleur Cage,145
Subassembly,HL Road Seat/Saddle,145
Subassembly,HL Mountain Frame - Silver, 38,144
Subassembly,LL Mountain Frame - Black, 40,140
Subassembly,ML Crankarm,132
Subassembly,Rear Derailleur Cage,121
Subassembly,Reflector,121
Subassembly,ML Touring Seat/Saddle,83
Subassembly,LL Mountain Frame - Silver, 40,81
Subassembly,ML Mountain Seat/Saddle,72
Tool Crib,Hex Nut 2,657
Tool Crib,Thin-Jam Hex Nut 3,643
Tool Crib,Internal Lock Washer 4,641
Tool Crib,Lock Nut 16,640
Tool Crib,Lock Nut 6,636
Tool Crib,Hex Nut 18,636
Tool Crib,Lock Nut 17,635
Tool Crib,Lock Nut 5,633
Tool Crib,Thin-Jam Lock Nut 11,630
Tool Crib,Lock Nut 7,630
Tool Crib,Lock Ring,627
Tool Crib,Thin-Jam Lock Nut 12,627
Tool Crib,Lock Nut 8,625
Tool Crib,Lock Nut 18,624
Tool Crib,Thin-Jam Lock Nut 8,624
Tool Crib,Chainring,622
Tool Crib,Decal 2,622
Tool Crib,Thin-Jam Lock Nut 7,620
Tool Crib,Thin-Jam Lock Nut 9,620
Tool Crib,Lock Nut 19,620
Tool Crib,Lock Nut 9,620
Tool Crib,Thin-Jam Lock Nut 10,619
Tool Crib,Hex Nut 13,619
Tool Crib,Thin-Jam Lock Nut 1,617
Tool Crib,Thin-Jam Lock Nut 14,617
Tool Crib,Lock Nut 4,617
Tool Crib,Lock Nut 22,616
Tool Crib,Thin-Jam Lock Nut 2,616
Tool Crib,Thin-Jam Lock Nut 15,614
Tool Crib,Thin-Jam Lock Nut 13,614
Tool Crib,Lock Nut 15,614
Tool Crib,Metal Tread Plate,612
Tool Crib,Thin-Jam Lock Nut 16,612
Tool Crib,Thin-Jam Lock Nut 5,611
Tool Crib,Thin-Jam Lock Nut 4,611
Tool Crib,Lock Nut 23,611
Tool Crib,Lock Nut 14,611
Tool Crib,Thin-Jam Lock Nut 6,609
Tool Crib,Thin-Jam Lock Nut 3,608
Tool Crib,Lock Nut 3,608
Tool Crib,Lock Nut 12,606
Tool Crib,Lock Nut 21,604
Tool Crib,External Lock Washer 2,603
Tool Crib,Hex Nut 14,603
Tool Crib,Crown Race,603
Tool Crib,Lock Nut 20,601
Tool Crib,Lock Nut 13,601
Tool Crib,Lock Nut 2,598
Tool Crib,Lock Nut 1,596
Tool Crib,Lock Nut 11,595
Tool Crib,LL Nipple,593
Tool Crib,Lock Nut 10,592
Tool Crib,Hex Nut 23,587
Tool Crib,Chain Stays,585
Tool Crib,BB Ball Bearing,585
Tool Crib,Hex Nut 6,585
Tool Crib,Thin-Jam Hex Nut 7,585
Tool Crib,Flat Washer 3,585
Tool Crib,Internal Lock Washer 6,572
Tool Crib,Decal 1,569
Tool Crib,Chainring Nut,569
Tool Crib,Flat Washer 2,568
Tool Crib,Hex Nut 10,524
Tool Crib,Lock Washer 11,518
Tool Crib,Lock Washer 3,516
Tool Crib,Lock Washer 9,515
Tool Crib,Lock Washer 2,513
Tool Crib,Lock Washer 12,512
Tool Crib,Headset Ball Bearings,512
Tool Crib,Lock Washer 7,510
Tool Crib,Lock Washer 1,508
Tool Crib,Lock Washer 8,507
Tool Crib,Lock Washer 13,505
Tool Crib,Lock Washer 6,504
Tool Crib,Lock Washer 10,502
Tool Crib,Lock Washer 5,500
Tool Crib,Lock Washer 4,499
Tool Crib,Thin-Jam Hex Nut 15,499
Tool Crib,Thin-Jam Hex Nut 1,499
Tool Crib,Chainring Bolts,481
Tool Crib,External Lock Washer 7,460
Tool Crib,Internal Lock Washer 9,427
Tool Crib,Bearing Ball,427
Tool Crib,Internal Lock Washer 5,422
Tool Crib,Internal Lock Washer 7,417
Tool Crib,External Lock Washer 6,417
Tool Crib,External Lock Washer 1,414
Tool Crib,External Lock Washer 8,411
Tool Crib,Thin-Jam Hex Nut 5,411
Tool Crib,Adjustable Race,408
Tool Crib,Cup-Shaped Race,392
Tool Crib,Cone-Shaped Race,388
Tool Crib,Thin-Jam Hex Nut 2,377
Tool Crib,Flat Washer 1,372
Tool Crib,Flat Washer 6,369
Tool Crib,Thin-Jam Hex Nut 4,369
Tool Crib,Thin-Jam Hex Nut 9,369
Tool Crib,Thin-Jam Hex Nut 16,368
Tool Crib,Thin-Jam Hex Nut 13,363
Tool Crib,Thin-Jam Hex Nut 10,363
Tool Crib,Flat Washer 9,358
Tool Crib,Hex Nut 19,339
Tool Crib,Rear Brakes,337
Tool Crib,Rear Derailleur,337
Tool Crib,Pinch Bolt,336
Tool Crib,Flat Washer 7,328
Tool Crib,Flat Washer 5,323
Tool Crib,Hex Nut 7,323
Tool Crib,Flat Washer 4,321
Tool Crib,HL Bottom Bracket,321
Tool Crib,Flat Washer 8,318
Tool Crib,Thin-Jam Hex Nut 6,318
Tool Crib,Keyed Washer,316
Tool Crib,Reflector,316
Tool Crib,HL Road Pedal,316
Tool Crib,External Lock Washer 3,313
Tool Crib,External Lock Washer 4,310
Tool Crib,Lower Head Race,310
Tool Crib,HL Crankarm,308
Tool Crib,External Lock Washer 9,307
Tool Crib,External Lock Washer 5,304
Tool Crib,Hex Nut 15,302
Tool Crib,Hex Nut 12,299
Tool Crib,Hex Nut 3,299
Tool Crib,Internal Lock Washer 3,299
Tool Crib,Hex Nut 21,296
Tool Crib,Hex Nut 20,292
Tool Crib,Hex Nut 11,292
Tool Crib,Hex Nut 5,291
Tool Crib,HL Headset,291
Tool Crib,ML Headset,288
Tool Crib,Thin-Jam Hex Nut 11,288
Tool Crib,Thin-Jam Hex Nut 12,284
Tool Crib,LL Headset,284
Tool Crib,LL Crankarm,283
Tool Crib,Thin-Jam Hex Nut 8,281
Tool Crib,Hex Nut 4,281
Tool Crib,HL Crankset,278
Tool Crib,Guide Pulley,276
Tool Crib,ML Crankset,272
Tool Crib,LL Crankset,265
Tool Crib,LL Grip Tape,262
Tool Crib,HL Nipple,254
Tool Crib,Thin-Jam Hex Nut 14,252
Tool Crib,Hex Nut 16,249
Tool Crib,Internal Lock Washer 10,248
Tool Crib,ML Grip Tape,248
Tool Crib,Internal Lock Washer 1,246
Tool Crib,Internal Lock Washer 8,244
Tool Crib,Hex Nut 17,244
Tool Crib,LL Bottom Bracket,244
Tool Crib,Internal Lock Washer 2,243
Tool Crib,Chain,236
Tool Crib,Touring Pedal,235
Tool Crib,HL Grip Tape,233
Tool Crib,ML Bottom Bracket,230
Tool Crib,LL Mountain Pedal,174
Tool Crib,ML Mountain Pedal,172
Tool Crib,HL Mountain Pedal,171
Tool Crib,LL Road Pedal,169
Tool Crib,Hex Nut 22,169
Tool Crib,ML Road Pedal,168
Tool Crib,Rear Derailleur Cage,164
Tool Crib,Hex Nut 9,163
Tool Crib,Hex Nut 8,156
Tool Crib,Hex Nut 1,148
Tool Crib,ML Crankarm,136

(1069 rows affected)
